{"knots_v": [0.0, 0.0, 0.0, 0.5, 0.5, 1.0, 1.0, 1.0], "knots_u": [0.0, 0.0, 0.0, 0.25, 0.25, 0.5, 0.5, 0.75, 0.75, 1.0, 1.0, 1.0], "deg_v": 2, "ctrl_pnts": [[[0.0, 0.0, 1.0, 1.0], [-0.7071067811865476, 0.0, 0.7071067811865476, 0.7071067811865476], [-1.0, 0.0, 0.0, 1.0], [-0.7071067811865476, 0.0, -0.7071067811865476, 0.7071067811865476], [0.0, 0.0, -1.0, 1.0]], [[0.0, 0.0, 0.7071067811865476, 0.7071067811865476], [-0.5, -0.5, 0.5, 0.5], [-0.7071067811865476, -0.7071067811865476, 0.0, 0.7071067811865476], [-0.5, -0.5, -0.5, 0.5], [0.0, 0.0, -0.7071067811865476, 0.7071067811865476]], [[0.0, 0.0, 1.0, 1.0], [0.0, -0.7071067811865476, 0.7071067811865476, 0.7071067811865476], [0.0, -1.0, 0.0, 1.0], [0.0, -0.7071067811865476, -0.7071067811865476, 0.7071067811865476], [0.0, 0.0, -1.0, 1.0]], [[0.0, 0.0, 0.7071067811865476, 0.7071067811865476], [0.5, -0.5, 0.5, 0.5], [0.7071067811865476, -0.7071067811865476, 0.0, 0.7071067811865476], [0.5, -0.5, -0.5, 0.5], [0.0, 0.0, -0.7071067811865476, 0.7071067811865476]], [[0.0, 0.0, 1.0, 1.0], [0.7071067811865476, 0.0, 0.7071067811865476, 0.7071067811865476], [1.0, 0.0, 0.0, 1.0], [0.7071067811865476, 0.0, -0.7071067811865476, 0.7071067811865476], [0.0, 0.0, -1.0, 1.0]], [[0.0, 0.0, 0.7071067811865476, 0.7071067811865476], [0.5, 0.5, 0.5, 0.5], [0.7071067811865476, 0.7071067811865476, 0.0, 0.7071067811865476], [0.5, 0.5, -0.5, 0.5], [0.0, 0.0, -0.7071067811865476, 0.7071067811865476]], [[0.0, 0.0, 1.0, 1.0], [0.0, 0.7071067811865476, 0.7071067811865476, 0.7071067811865476], [0.0, 1.0, 0.0, 1.0], [0.0, 0.7071067811865476, -0.7071067811865476, 0.7071067811865476], [0.0, 0.0, -1.0, 1.0]], [[0.0, 0.0, 0.7071067811865476, 0.7071067811865476], [-0.5, 0.5, 0.5, 0.5], [-0.7071067811865476, 0.7071067811865476, 0.0, 0.7071067811865476], [-0.5, 0.5, -0.5, 0.5], [0.0, 0.0, -0.7071067811865476, 0.7071067811865476]], [[0.0, 0.0, 1.0, 1.0], [-0.7071067811865476, 0.0, 0.7071067811865476, 0.7071067811865476], [-1.0, 0.0, 0.0, 1.0], [-0.7071067811865476, 0.0, -0.7071067811865476, 0.7071067811865476], [0.0, 0.0, -1.0, 1.0]]], "deg_u": 2}